2026-02-18 12:44:29.751444,v1,5000,DESKTOP-72F3VQ4
2026-02-18 12:45:55.082128,v1,5000,DESKTOP-72F3VQ4
2026-02-18 12:48:37.201172,v1,5000,DESKTOP-72F3VQ4
2026-02-18 12:49:31.149180,v1,5000,DESKTOP-72F3VQ4
2026-02-18 12:51:22.644722,v1,5000,DESKTOP-72F3VQ4
2026-02-18 12:51:24.069953,v1,5000,DESKTOP-72F3VQ4
2026-02-22 11:52:44.070092,v1,5050,DESKTOP-72F3VQ4
2026-02-22 11:58:23.582852,v1,5050,DESKTOP-72F3VQ4
2026-02-22 11:58:40.785938,v1,5050,DESKTOP-72F3VQ4
2026-02-22 11:59:22.268075,v1,5050,DESKTOP-72F3VQ4
2026-02-22 11:59:38.918164,v1,5050,DESKTOP-72F3VQ4
2026-02-22 12:03:57.931453,v1,5050,DESKTOP-72F3VQ4
2026-02-23 18:05:34.666100,v1,5050,DESKTOP-72F3VQ4
